temperature,humidity,soil_moisture,light,pump,pump_power,pump_duration,light_switch,light_power,light_duration
26.236203565420873,68.87131998138216,18.513292883861965,519.0817851362181,1,30.46822734943624,53.34896569996571,0,0.0,10.0
43.52142919229749,57.52674564408843,54.190094737835814,479.181877629731,0,0.0,5.0,0,0.0,10.0
36.95981825434215,41.66693314004294,87.29458358764083,25.64206580643569,0,0.0,5.0,1,39.715259746717564,285.5065230908169
32.959754525911094,76.96565137948642,73.22248864095612,341.2478276261564,0,0.0,5.0,0,0.0,10.0
19.680559213273096,67.93118207877154,80.65611478614497,380.19561878585705,0,0.0,5.0,0,0.0,10.0
19.67983561008608,31.38318575414239,65.87833667107174,398.8227808969005,0,0.0,5.0,0,0.0,10.0
16.742508365045985,83.76490291456898,69.22765645178525,580.1723692273323,0,0.0,5.0,0,0.0,10.0
40.98528437324806,77.57760700462183,84.91956515653193,533.6025467268785,0,0.0,5.0,0,0.0,10.0
33.03345035229626,86.48599393043469,24.966800885918595,607.9050927934446,1,22.61464630257541,50.484383168445014,0,0.0,10.0
36.242177333881365,70.8003655871852,48.942496364314046,764.8832615421283,0,0.0,5.0,0,0.0,10.0
15.617534828874074,62.93906371550529,22.120944181960223,812.9857387160935,1,21.344544007331304,52.21903179166869,0,0.0,10.0
44.097295564859834,49.27701254034332,98.7668007996647,718.1230762264944,0,0.0,5.0,0,0.0,10.0
39.97327922401266,85.29099383478093,94.40593396866133,955.5236959549347,0,0.0,5.0,0,0.0,10.0
21.370173320348286,80.62447226502859,3.94268113685059,18.23258267636163,1,25.569814844703807,56.08606716613027,1,36.65852190107343,310.23686124681217
20.454749016213018,23.16530690743326,70.55751725156884,195.7779856835461,0,0.0,5.0,1,41.49548107009331,256.99418474616215
20.502135295603015,21.84568821480764,92.52483174156659,7.56287497814212,0,0.0,5.0,1,28.173816922706205,302.31731485178085
24.127267288786133,46.352435681463476,18.057534512733355,647.474714154603,1,33.8937330503537,47.10684440451528,0,0.0,10.0
30.742692948967136,76.7387331547283,56.79452305526295,898.030548949987,0,0.0,5.0,0,0.0,10.0
27.958350559263472,89.1093290520461,91.54882975880419,243.48229657629926,0,0.0,5.0,1,38.21843321133945,258.9856128510575
23.736874205941255,30.529182377246972,3.394597858579884,927.0345447963066,1,46.551587447023564,51.4046102467654,0,0.0,10.0
33.35558684167138,61.58915007464946,69.742026724684,60.26739028956085,0,0.0,5.0,1,27.701820592589822,293.0292083388337
19.184815819561255,46.66235996417151,29.734900737255078,934.4360268055143,1,42.40672733847368,49.44451699328626,0,0.0,10.0
23.764339456056547,87.89400784702222,92.43961953765304,351.6226872396344,0,0.0,5.0,0,0.0,10.0
25.99085529881075,78.9483246194996,97.10582451653677,101.42082844921651,0,0.0,5.0,1,12.560253864344837,296.9628008077678
28.682099526511077,78.68300932977965,94.42664891134339,485.8717591863256,0,0.0,5.0,0,0.0,10.0
38.55527884179041,52.80852118564792,47.42142166574638,256.77656772050796,0,0.0,5.0,1,21.695324416487725,251.5179754999285
20.99021346475079,49.037365163636565,86.20426509893134,284.8729019619228,0,0.0,5.0,1,27.75677818025511,242.57029715460303
30.42703315240835,39.13849503514943,84.45493985350704,307.2899649262866,0,0.0,5.0,0,0.0,10.0
32.772437065861276,23.946284765564897,31.910047324325564,803.0258978326634,1,30.26120249776991,48.04702396397563,0,0.0,10.0
16.393512381599933,80.53056633785373,82.89154741506773,539.1612766752545,0,0.0,5.0,0,0.0,10.0
33.226345557043146,76.90307063910544,3.700763471549262,311.30769915600365,1,27.923905310389607,64.09418512159858,0,0.0,10.0
20.115723710618745,89.98023713002914,59.6269878482053,610.3337833109184,0,0.0,5.0,0,0.0,10.0
16.951547789558386,89.76457859517338,23.000883728770305,716.1506742231936,1,38.55729946753345,50.25679917332276,0,0.0,10.0
43.466566117599996,58.88021939218392,12.056688577727881,272.62400073353376,1,58.88021318526148,59.3224069027182,1,14.215728724312209,234.17450646288967
43.96896099223678,73.82911906263573,7.695320162920916,413.5491015253515,1,44.341090907858664,56.01973362229424,0,0.0,10.0
39.25192044349383,86.13360109176996,69.62887758781397,121.88609333694755,0,0.0,5.0,1,26.386842135039707,288.19427350123624
24.13841307520112,79.47531734741881,33.98749637680661,181.1493495346803,1,24.563831395517333,42.19091699187788,1,36.20694858097352,258.4167792229017
17.930163420191516,37.31436712202384,72.47667715287615,681.1178539649828,0,0.0,5.0,0,0.0,10.0
35.52699079536471,51.53808947170654,6.535634079894237,181.43834769562693,1,29.012677198049403,53.356291585180976,1,16.37969050165433,256.4027677037199
28.20457481218804,29.04115906060465,31.529033783061035,525.1633836670602,1,30.03866645361192,43.512889754891894,0,0.0,10.0
18.661147045343366,86.78357190811056,53.949129237533725,709.0462617224326,0,0.0,5.0,0,0.0,10.0
29.855307303338105,62.432224411561606,79.07231648389636,106.87692309474383,0,0.0,5.0,1,17.42586819604972,297.11070371401536
16.031655633456552,36.00499638524239,31.875250293206992,567.3122196289036,1,40.935636454974656,34.594301518627574,0,0.0,10.0
42.27961206236346,67.01904790840997,62.58913764370091,256.56278370136374,0,0.0,5.0,1,45.26762447374032,255.3739913073063
22.763399448000506,63.26897683205271,88.5977748236187,962.9268752375798,0,0.0,5.0,0,0.0,10.0
34.875668530619464,45.071390262298834,61.58631881823046,483.5456467199247,0,0.0,5.0,0,0.0,10.0
24.35133228268233,27.94903145397403,23.295947475363377,805.9925497751581,1,22.706734476000065,51.648254604480336,0,0.0,10.0
30.602040635334326,67.01012369149598,2.440078155653802,550.2265421562618,1,48.313403889190745,63.46781161030589,0,0.0,10.0
31.40130838029839,56.421539063265534,87.00988739009298,43.41253285481916,0,0.0,5.0,1,22.392275012898757,289.37052046786937
20.545633665765813,74.06228742149474,2.126941085038714,633.1513755940224,1,23.26901382987113,55.12290556464957,0,0.0,10.0
44.08753883293676,56.41144507783954,87.47016726841994,951.403342206657,0,0.0,5.0,0,0.0,10.0
38.253984700833435,79.65270502229781,52.8937134027212,601.6118201463312,0,0.0,5.0,0,0.0,10.0
43.18496824692568,58.633478714213986,93.90676985128962,819.1888594267903,0,0.0,5.0,0,0.0,10.0
41.844820512829465,59.265658007477036,79.87832357736654,884.2064633484079,0,0.0,5.0,0,0.0,10.0
32.93699936433255,81.36575218608415,99.79341105333374,228.0797719489325,0,0.0,5.0,1,43.14222391624325,270.1652261858353
42.6562270506935,48.243800634867796,35.071181545171015,212.04483990822663,1,46.76089349316433,32.44509740538072,1,41.571713932787425,267.44552887450686
17.654775061557586,29.38106599154485,76.71882889311269,610.9809888509917,0,0.0,5.0,0,0.0,10.0
20.879485872574357,22.01478734193373,40.193091360924214,411.0284698067047,0,0.0,5.0,0,0.0,10.0
16.35681866731614,72.85960789715332,47.98756203039088,839.8613028667204,0,0.0,5.0,0,0.0,10.0
24.759909922897933,63.42166859474253,62.75054632183701,900.0231233980112,0,0.0,5.0,0,0.0,10.0
26.660318690684463,69.28558376694565,87.36771141863387,353.4213793027181,0,0.0,5.0,0,0.0,10.0
23.140470953216877,34.90749130562375,98.40834691992951,236.87055897448207,0,0.0,5.0,1,30.225366136878353,267.3525949626134
39.86212527455788,29.546003291073884,76.82734138645182,780.5255152438618,0,0.0,5.0,0,0.0,10.0
25.70259980080768,21.018126596751735,41.77667821673337,274.8060355481361,0,0.0,5.0,1,45.05277732569246,242.7433063367693
23.428035290621423,44.54112911646179,42.13570022770702,822.6143185136784,0,0.0,5.0,0,0.0,10.0
31.280882494747456,61.29423807982432,73.75823015888915,423.73825364876285,0,0.0,5.0,0,0.0,10.0
19.22772674924288,47.45708315698126,23.877714576830233,667.5498992914704,1,28.054551285438976,49.10943978795802,0,0.0,10.0
39.06590942262119,50.62324454166104,11.047411313139467,95.53531383466817,1,30.34483339552155,52.01811341527003,1,30.1252989020616,276.2279834407844
17.236519310393124,83.29110861456239,35.462215764077655,623.859324676573,1,26.588254137291834,46.304505101147726,0,0.0,10.0
44.60660809801552,44.37788269163103,28.723899165408174,451.7676787372291,1,33.2086025948599,40.770319418773575,0,0.0,10.0
38.16734307889972,55.979264241186755,29.630812045599008,586.6084631754741,1,50.2700602275454,47.56638282398159,0,0.0,10.0
20.961470446025174,74.85571089188002,23.360775104990992,168.01420774486343,1,40.77543438015749,50.84696324333764,1,43.516334994072146,254.92024455287066
15.165663513708072,47.75799476248891,4.209318963636188,736.8737449441821,1,28.195250966028503,63.196390055676304,0,0.0,10.0
39.463842853645026,63.54606901595115,1.787393473341381,862.7970775432285,1,55.113203126081636,72.90460345788469,0,0.0,10.0
36.205720315428515,80.36545961227216,98.77223897360315,216.73980009077565,0,0.0,5.0,1,27.568424049988693,254.78307840022498
36.87021504122962,86.46644365603495,42.77731337358623,95.71455552016172,0,0.0,5.0,1,34.42187020061698,264.55235645881623
38.13811040057837,30.295143665032654,38.432664715968166,23.638586046336396,1,29.55184845526157,40.65579608105594,1,16.414616244789727,307.3322279562009
17.221339552022712,84.86113376130461,67.96472826930699,641.971500443266,0,0.0,5.0,0,0.0,10.0
25.753971856328178,54.44814051556767,21.825388786506416,607.0940360887807,1,59.39958624563501,45.613739951301504,0,0.0,10.0
18.47607178575389,38.07710718092709,94.99611839502253,546.69741271407,0,0.0,5.0,0,0.0,10.0
40.89310277626781,52.13950293667829,78.6345014415552,231.94709611597543,0,0.0,5.0,1,19.183926430158746,244.12141556855653
33.69894380482674,88.6022802699834,8.94110023122595,390.90599590551466,1,22.608183650419683,56.291224244555636,0,0.0,10.0
24.926940745579476,54.48326657950087,41.75807757849284,594.4763351861731,0,0.0,5.0,0,0.0,10.0
16.90675050858071,43.012612720125574,87.91183075621647,496.76685885916936,0,0.0,5.0,0,0.0,10.0
24.329469651469864,64.3380598021708,94.47320222914102,987.7855202148874,0,0.0,5.0,0,0.0,10.0
24.75549966080241,36.810193314473516,46.74015112498697,136.43975255673314,0,0.0,5.0,1,39.29604196233517,261.649114364537
36.888185350141924,25.310432967606474,61.34113892107077,695.1445540475938,0,0.0,5.0,0,0.0,10.0
34.12672414065639,29.021580533745446,16.70339460920752,404.31876810429213,1,46.271204188971765,52.42425611469113,0,0.0,10.0
41.616382277289794,28.96320872704407,99.11686261369765,428.19961492561475,0,0.0,5.0,0,0.0,10.0
29.16644775485848,30.633188545860605,23.16717013834434,717.5977656581763,1,35.216800300302495,44.08076385227332,0,0.0,10.0
18.58782737814905,29.71790208545871,94.27317741351257,692.4361513243697,0,0.0,5.0,0,0.0,10.0
36.39734361668985,64.86123213622503,64.96466489923685,991.2559937021883,0,0.0,5.0,0,0.0,10.0
37.82355145850693,32.731605907940136,60.773679487885914,128.39428945412524,0,0.0,5.0,1,19.66147366806727,277.84619179274375
31.83831592708489,44.19670983267042,51.26885110165086,104.10964938416633,0,0.0,5.0,1,24.170853088688627,273.47455645902994
38.12901539863683,82.77518869342083,23.06698117177587,724.3388171287412,1,31.485518323383022,46.08540504638877,0,0.0,10.0
29.81386789093172,53.177314818401065,17.652803200550828,578.3869170064091,1,51.71417676135357,55.54554430328822,0,0.0,10.0
30.681984881459822,66.72904169647191,22.048620907017536,274.16066655980586,1,43.1037346352463,50.288496191500855,1,30.768982831208206,226.04531693384106
27.826230550756488,32.06239098411409,18.643826214425452,79.4193689889866,1,45.383296702012146,51.646036449625,1,34.3101073238261,283.429785741348
15.762573802322855,33.46023131660695,77.95844735667534,85.65824959643054,0,0.0,5.0,1,19.81409256664844,269.18519969238577
18.236742809799132,22.86080313865352,35.01252591667301,894.1908746641183,1,35.8388189064982,41.80687809966651,0,0.0,10.0
15.942875570602027,31.825454415051517,5.784267656339637,191.8673247187429,1,56.60360273628173,59.06019042147463,1,25.641314765095945,270.74016227799865
34.09231233791341,39.501323732237104,96.91026301408114,323.37156211552076,0,0.0,5.0,0,0.0,10.0
24.4306794322898,32.39073389937228,88.37858849634257,226.656402226988,0,0.0,5.0,1,18.782156929192077,267.3057863311491
30.257120734941083,26.20917736299389,92.77522831952129,354.9963058319373,0,0.0,5.0,0,0.0,10.0
42.22699421778279,28.444510977042057,99.49078226464353,69.42384274609337,0,0.0,5.0,1,34.65201943702896,291.55002523748226
22.47876687446625,52.254513762290806,17.38952492194873,519.0597909082703,1,32.670467082701066,50.63384172809411,0,0.0,10.0
27.31148769106889,34.44336028840547,39.62420189026587,67.6125635922149,1,54.28717027995012,47.30163973536676,1,26.631004140932877,289.11768809489377
37.66653415629146,45.498890273365284,75.82384757040913,800.3565078223616,0,0.0,5.0,0,0.0,10.0
21.863944964748676,55.239208959839985,69.60206180537922,233.71208191043303,0,0.0,5.0,1,31.636200153523234,260.5825046457114
17.30939729486379,68.32763800405557,15.389590633985506,540.0119146045106,1,59.34085890860888,58.48585829203834,0,0.0,10.0
23.69254358741304,22.751849788876925,81.58331249906178,880.0790875614582,0,0.0,5.0,0,0.0,10.0
19.83663861762013,75.95872792363298,22.444057183666068,650.8773690471942,1,28.0806267360996,49.76454994519494,0,0.0,10.0
42.890929570277194,63.95302726436354,22.38176148226231,532.9577865513353,1,27.368993569521045,45.720859781697094,0,0.0,10.0
39.24361138693251,25.723132236421034,53.69744228934136,324.3337531153756,0,0.0,5.0,0,0.0,10.0
34.002112695312704,81.15050368747441,59.293993484170315,333.00191305819794,0,0.0,5.0,0,0.0,10.0
41.143817705631534,84.46106803722692,58.00862078378112,669.4869551981901,0,0.0,5.0,0,0.0,10.0
39.110162306973436,24.275457189840463,9.148683739775487,994.1393612211675,1,37.612936734733964,54.728426751707254,0,0.0,10.0
20.597101766581076,39.38143537030426,87.74608626303804,661.8391898493786,0,0.0,5.0,0,0.0,10.0
41.77676995469933,76.4340895855143,26.560004258870606,557.783417370025,1,23.33856339957533,46.72263766484768,0,0.0,10.0
31.18026725746952,72.37817832685609,12.951492128280417,730.650510239246,1,55.29665473629355,56.53028768050537,0,0.0,10.0
39.22320465492187,32.91647135494641,88.87480798689772,465.20561228371815,0,0.0,5.0,0,0.0,10.0
41.8827389977048,34.65445263356972,95.56514982297534,60.14234260078521,0,0.0,5.0,1,15.713678592573274,288.74633666503155
24.540104249155917,45.93304719539674,86.21276172654507,562.2968158779098,0,0.0,5.0,0,0.0,10.0
18.301557735830304,53.916608963371495,80.95160747248781,957.6252845053803,0,0.0,5.0,0,0.0,10.0
21.83805487625825,63.27783400712072,65.52419806390218,175.30294235765965,0,0.0,5.0,1,25.67437492752104,268.28117570091706
27.813233658787688,45.82395476988407,55.08573706091393,690.0048908206658,0,0.0,5.0,0,0.0,10.0
39.54044297767479,52.37743012932035,8.698675991141014,200.9336886590565,1,45.38685093015766,53.38441995931443,1,18.17265533595881,240.73518668941477
40.82191749769031,72.32296566936296,40.845321307069874,535.8276844730813,0,0.0,5.0,0,0.0,10.0
15.208563915935722,22.567824202341853,37.2688517012314,96.67644964671962,1,55.27711033218576,42.9992979723959,1,26.77086644664088,276.52865473643965
30.32241907732697,37.67058610408145,25.97537837603262,450.3709362581851,1,37.099587516824606,48.51468261003783,0,0.0,10.0
27.52233009446337,69.93447101191867,72.3420113688585,756.1633288952461,0,0.0,5.0,0,0.0,10.0
21.663234314121908,82.66447863810396,49.58757350787708,347.5715242389821,0,0.0,5.0,0,0.0,10.0
18.595961020010485,55.817420948096625,8.104621590764793,664.9117244872181,1,42.3902273455353,61.14324814171895,0,0.0,10.0
25.12845514210884,57.247943968572095,22.018320194981133,795.4499607897292,1,41.095984884907054,48.61201846983214,0,0.0,10.0
43.287291117375574,27.502040793784325,68.32587636595959,927.1778194794526,0,0.0,5.0,0,0.0,10.0
24.696087960622656,51.318865677641824,7.613085949030019,234.64208185545354,1,55.610322120712084,50.83417086028421,1,37.54526517231503,248.36033711073048
30.563718652300985,57.28320865185162,85.12069140487687,399.31591580930814,0,0.0,5.0,0,0.0,10.0
36.090568766855334,36.97293525443108,49.51465270139743,152.41601333041743,0,0.0,5.0,1,10.399151066337975,282.7747638093384
25.90888807137882,38.84702616645667,48.0586577326648,992.4835021583752,0,0.0,5.0,0,0.0,10.0
44.15346248162882,46.409891417323585,59.24077846595176,927.0009679242953,0,0.0,5.0,0,0.0,10.0
43.87341884826334,21.404983844440846,82.46809659251491,539.9571302805596,0,0.0,5.0,0,0.0,10.0
22.553468874760924,42.54554159082248,34.780920790219305,842.0332943764213,1,41.631750199421774,48.236713526964195,0,0.0,10.0
29.91745517677156,34.801360489758125,67.80161525590636,520.9579772720422,0,0.0,5.0,0,0.0,10.0
24.026349294503092,42.924814652454025,56.5731963995791,623.5856880027598,0,0.0,5.0,0,0.0,10.0
23.545214831324028,28.383349227347587,26.70282701694213,89.12443211601662,1,38.84671595731258,42.14548281828959,1,23.345135833474625,277.6635249927067
16.106608420635983,82.33690965179264,87.8629986355158,755.2704204968079,0,0.0,5.0,0,0.0,10.0
33.286930019396905,61.551471748783406,79.74260216069281,127.71348363523482,0,0.0,5.0,1,28.0517645211702,286.45992077034134
30.080370696865845,67.53716234011426,65.84518346584255,826.0676302525284,0,0.0,5.0,0,0.0,10.0
16.54436253749968,75.24198670251369,85.05817290942419,782.0280876703858,0,0.0,5.0,0,0.0,10.0
23.359393927098346,54.89095392503401,86.72942009598023,708.7446977429764,0,0.0,5.0,0,0.0,10.0
42.24797657899961,26.084420166119656,70.83629767150347,36.16038052476212,0,0.0,5.0,1,28.652390245606803,274.0705068980934
22.186856720009175,57.59745792729834,83.7013328363672,303.1283559453286,0,0.0,5.0,0,0.0,10.0
19.346846162736693,61.07887826146154,69.74714616692836,263.11256991084286,0,0.0,5.0,1,25.51304359667725,249.281724917082
29.68358280832689,72.1807631929031,68.01407717603004,360.1364074715191,0,0.0,5.0,0,0.0,10.0
44.56951362331802,50.21616823607756,61.86113782151843,87.64274676383855,0,0.0,5.0,1,46.070961141849146,277.3733837153235
22.261658145345013,28.93062119568946,75.27166395576413,936.9578230310627,0,0.0,5.0,0,0.0,10.0
35.16406642217636,39.864313405910714,15.86051052930737,553.8022407123763,1,25.678879590439756,39.25807644136977,0,0.0,10.0
37.84858845986153,45.41576074790446,88.08707591989284,305.5243106580235,0,0.0,5.0,0,0.0,10.0
22.12912631977199,65.2142068932121,87.1843527745232,396.98151707428343,0,0.0,5.0,0,0.0,10.0
36.84649045835579,59.95448132682383,2.9247283034559146,447.20254050483567,1,49.953053478532254,62.46065728776217,0,0.0,10.0
26.033493981577596,44.92677081284924,82.58167505647627,600.5943333606173,0,0.0,5.0,0,0.0,10.0
33.96917491780738,89.05606741550858,12.886986747344519,515.6794276964978,1,44.837142699137246,52.242052480286404,0,0.0,10.0
34.00589132282684,62.4042373549821,33.51188542591419,919.3919732144174,1,34.09499786438617,43.35638675110314,0,0.0,10.0
31.073240522242756,36.60587542151961,74.35082562916078,496.96348290583023,0,0.0,5.0,0,0.0,10.0
17.70869310163225,27.124773083428263,16.07598960483082,992.1580148233127,1,38.85148669592658,46.057941121040365,0,0.0,10.0
40.05907486767714,30.70013974290324,81.79670241190622,851.4249577450958,0,0.0,5.0,0,0.0,10.0
24.623401949152075,37.21704098691557,83.21341779577419,208.5105143573358,0,0.0,5.0,1,27.338889310225376,264.40005882442506
20.595555311995625,31.247696128168897,50.746773376083624,930.5952146439163,0,0.0,5.0,0,0.0,10.0
16.223254246642917,33.0596916835914,0.638587171683358,116.36639788547609,1,47.04710248301736,61.87308510820696,1,32.36237139786409,270.86140772726543
32.72678829564725,39.956661808569294,28.703813317491278,817.4497084911916,1,33.00416061726796,45.74617662972431,0,0.0,10.0
35.32693085526847,32.13615167063284,61.69269183757422,380.6232934765801,0,0.0,5.0,0,0.0,10.0
15.497634867835684,82.77357972384976,98.11861780274235,877.9743204450696,0,0.0,5.0,0,0.0,10.0
30.36279174897843,25.616362196314952,63.18135270166684,868.0566901074503,0,0.0,5.0,0,0.0,10.0
21.79487325593814,56.71579726991783,25.98035810641598,805.9254001176212,1,54.22949035623145,44.14181208230751,0,0.0,10.0
34.35518371228349,48.72777788927631,63.40057030996113,790.0304363070613,0,0.0,5.0,0,0.0,10.0
20.23099287014974,88.76650318360245,53.99853797158555,304.67913909804076,0,0.0,5.0,0,0.0,10.0
35.72813214307398,27.842723151763664,77.98453951511436,80.91928305125218,0,0.0,5.0,1,38.909510089552185,270.0994064174449
26.602060389016124,47.84989193320192,10.698063882695841,402.98017876516144,1,45.71527640234831,47.313341729889885,0,0.0,10.0
43.101899662102035,87.86293032927583,76.1027902502028,173.52451498650868,0,0.0,5.0,1,38.350626209166165,262.4096100439412
19.125628324379797,80.58549881257862,54.12665786761103,694.9510889024617,0,0.0,5.0,0,0.0,10.0
25.231990531507755,77.19504496644959,96.29920038589947,346.09972653778556,0,0.0,5.0,0,0.0,10.0
18.40420563721767,38.05319789314579,34.187216603868606,975.6102008599149,1,28.505775054843845,44.1261576876082,0,0.0,10.0
42.74080854835688,31.962131117304608,63.26218931339481,640.972077345332,0,0.0,5.0,0,0.0,10.0
41.32018060142943,66.80502539471017,93.20281055100175,822.4805636343609,0,0.0,5.0,0,0.0,10.0
22.73824883145467,85.05631923893101,10.250972799067926,132.52467274184843,1,46.126511621251325,46.869993708083456,1,42.17978569727289,261.4735701908694
34.79952138102537,58.973402510975085,93.72284872364511,862.0144822726226,0,0.0,5.0,0,0.0,10.0
39.51666600603647,60.012888262892986,68.78857223008133,922.7571905133943,0,0.0,5.0,0,0.0,10.0
31.65602434798387,39.59853655621989,6.78370591051719,487.0619188189359,1,50.642591061412105,48.39220298897057,0,0.0,10.0
30.889517350680194,73.86450532343558,30.096356694681624,606.2529377509775,1,51.53789373013195,44.072549630498834,0,0.0,10.0
22.25556872701355,33.093062399026635,70.81720886452815,764.8098009029954,0,0.0,5.0,0,0.0,10.0
17.793083034176977,42.657546548297056,6.73506014687717,174.83862726041255,1,30.41147430264012,56.73690236804122,1,41.278399086318366,249.8875714561098
41.91647273859981,49.780550703149174,58.217046017627325,502.5660764634424,0,0.0,5.0,0,0.0,10.0
42.01254171489991,55.53272650791185,34.588305695295674,398.6630277723131,1,46.82929247623336,36.405023326489264,0,0.0,10.0
33.99304371819804,36.968681269055615,62.091551776747714,146.37399216224912,0,0.0,5.0,1,30.720322656184994,270.90921787538457
25.17089373146102,28.038577731744248,4.5742033812512854,367.5344222915314,1,24.439578768539242,55.83691640775467,0,0.0,10.0
25.476287238379825,62.74340297091428,87.15368061523763,68.17230938549356,0,0.0,5.0,1,36.84629893518755,293.29276567406987
36.77867036610718,40.2041387268179,97.3488969177397,25.811906949486985,0,0.0,5.0,1,34.818951402078824,282.1443136446356
41.913307798577314,60.68667549958286,96.88778552856915,135.16628915482275,0,0.0,5.0,1,39.69012748796349,289.9918887503315
41.61259272795352,30.80539006919416,74.96518317429248,963.1151115891738,0,0.0,5.0,0,0.0,10.0
38.396266375728715,53.67980712983722,13.008624013063198,549.5295358950169,1,35.216021958816384,54.728211885628426,0,0.0,10.0
34.26094938462863,57.28126027861101,75.82631959290225,965.8221611532199,0,0.0,5.0,0,0.0,10.0
17.524198949851467,23.627647577569885,2.458691645880151,432.497878330132,1,24.428823733052628,64.47139936966626,0,0.0,10.0
19.84886142283841,43.56229947357444,2.2123551528997254,311.8161330852596,1,36.901937132477784,66.79652585639201,0,0.0,10.0
41.956625655812374,29.409027385728198,32.36102191495412,506.1418628402441,1,21.680987006856213,38.744018083383594,0,0.0,10.0
33.1928717897877,24.436247933093743,48.864319040466576,439.51168863291014,0,0.0,5.0,0,0.0,10.0
15.27591154849889,89.29721626729616,77.04074178077931,105.66468426174391,0,0.0,5.0,1,36.165309481114946,276.3817769669067
18.044146285980965,42.56476914823061,68.32953766065052,640.8263146902062,0,0.0,5.0,0,0.0,10.0
34.905053073241675,76.69121120982444,44.590270637674834,216.0381825095996,0,0.0,5.0,1,33.15227018047762,258.1959621965606
15.15184751538656,37.82484583346347,27.362666628166586,619.5879548978296,1,31.68872921847591,51.25533926886222,0,0.0,10.0
19.82424154252496,67.70519055567505,99.71245001577111,650.2010923981534,0,0.0,5.0,0,0.0,10.0
31.462013680997583,73.21595019227806,42.6181302235973,152.02485312864812,0,0.0,5.0,1,28.95684880464411,267.73657185234293
35.7568559307808,61.6947118425491,45.13870243296755,61.34962711066816,0,0.0,5.0,1,38.655884478323955,290.8300644095219
34.55883778507801,53.010333198511084,16.362382119166917,780.7615860684398,1,20.720262224018178,47.64309443226643,0,0.0,10.0
21.728079283816793,48.8288639903088,79.48095487499293,459.80042376932016,0,0.0,5.0,0,0.0,10.0
36.36537664042608,44.42077865800967,69.36822257814886,58.16379550547579,0,0.0,5.0,1,22.553072328976622,268.85622225851864
22.117472624904003,85.06704009734781,22.07696127887604,994.8663171697672,1,32.190043815445335,49.8852222550406,0,0.0,10.0
24.76199094477803,78.14335854514104,8.238104561584269,57.78056099636664,1,53.17578659435388,65.99897881535607,1,18.596505481455836,270.2640955468551
37.394742153540726,87.55188374665588,68.0499302074713,695.0352288585532,0,0.0,5.0,0,0.0,10.0
34.48898697141644,28.700805643988133,65.45112142811352,983.6789252634136,0,0.0,5.0,0,0.0,10.0
40.47670231482534,71.1607232642551,27.32595269982093,239.1801042159256,1,24.50321561647748,44.5497965360374,1,30.282385869548733,256.3600788770561
34.7283867690103,85.68383197747265,95.08635622504103,142.24936868719618,0,0.0,5.0,1,17.51681523261292,262.91129665666307
32.04925810006415,32.68631463159621,15.105789178090024,121.3849394224289,1,41.62793906579641,59.31134778433764,1,13.078866775234964,288.51766143209176
17.810243034842774,24.654738715674426,43.23348010426019,303.2751475675955,0,0.0,5.0,0,0.0,10.0
26.031474091783004,71.87844545030413,94.36159201675989,101.04581101064669,0,0.0,5.0,1,25.311950577455512,285.62628082798955
22.956071030451763,60.21311792259383,41.97273169261223,692.1613416941319,0,0.0,5.0,0,0.0,10.0
22.319689301372506,78.92801437307904,63.85259476640856,62.291798130062695,0,0.0,5.0,1,36.380430745630804,293.3402132269388
44.190316642573364,29.784066363840264,39.75943979627943,509.4221281497897,1,32.05061043040001,37.97405800036698,0,0.0,10.0
26.792931740002814,75.66871183019231,27.421520234867003,996.6968538529768,1,43.934299371910356,49.232006231420094,0,0.0,10.0
41.7613966553134,34.11391240334211,98.39776479598282,813.9702695060188,0,0.0,5.0,0,0.0,10.0
33.93415877991789,31.455916000599316,40.9334006315043,615.2194382310109,0,0.0,5.0,0,0.0,10.0
38.84433910624945,31.498605855169508,89.40992036791344,306.2536207866117,0,0.0,5.0,0,0.0,10.0
30.079112793155765,77.02023041619674,22.995460589108617,623.8958362916385,1,21.92571343913414,41.686399682481635,0,0.0,10.0
32.30711653879077,66.563805448734,21.31047040250833,527.0414639116516,1,56.11579980767949,50.293295636797815,0,0.0,10.0
29.77553081456592,56.614579733838355,3.113408288451136,426.08338389037146,1,54.09055497564726,55.13338496679138,0,0.0,10.0
20.857289633941335,45.118133888645175,65.1666825375885,130.71037674019948,0,0.0,5.0,1,17.637063402865742,278.3639587805855
36.67356345784516,81.40403785691758,36.852634372376116,886.6042152404667,1,43.728862804295375,41.6694217008907,0,0.0,10.0
23.423170873225672,47.47115751958448,86.4358249839637,449.7846488213225,0,0.0,5.0,0,0.0,10.0
15.729478992943616,77.1619607630104,47.32099066915572,194.62251182076506,0,0.0,5.0,1,33.812130637099564,258.24410866840935
34.364168877215036,50.73944359991529,96.81934279147217,367.7593508772896,0,0.0,5.0,0,0.0,10.0
20.31332038221147,46.38611005974353,18.552551570312115,414.12975252892704,1,29.580406796381524,49.76920525620745,0,0.0,10.0
43.21375753058743,52.38758499687245,86.86231679556109,827.5378955668743,0,0.0,5.0,0,0.0,10.0
43.617857310077625,41.09645119148995,77.65968527917417,733.6143805614021,0,0.0,5.0,0,0.0,10.0
42.44593170661346,72.33265661233759,77.0921844644052,769.3048936413398,0,0.0,5.0,0,0.0,10.0
26.10476100766333,55.19042730647354,84.47832281168877,11.031264428647214,0,0.0,5.0,1,17.508896227690084,290.2358321126869
15.463698495866023,36.25488866027721,76.10239909429988,416.1539981797615,0,0.0,5.0,0,0.0,10.0
42.84955687763176,82.9702201292198,62.62203216314154,481.3441516353236,0,0.0,5.0,0,0.0,10.0
27.84552444951943,46.8723854961248,13.124487768238758,19.192276823056687,1,22.545636371465694,51.872465963264844,1,24.73388855177405,291.32592979692333
43.999644571310085,58.0487002779792,3.2526179491251916,259.8132087450342,1,53.25494057542839,58.37014805255417,1,27.293849056133894,241.91568907944495
43.90859931267758,83.45304776751829,92.08478478156869,760.289823122135,0,0.0,5.0,0,0.0,10.0
40.5902836640208,63.69665971397944,61.665031452073805,137.10970572899905,0,0.0,5.0,1,20.383057971001968,268.9977650567304
23.83346676208757,28.182862849585483,79.65372909761763,535.3101314525917,0,0.0,5.0,0,0.0,10.0
26.552931858057757,85.78824865294325,48.152235151255006,215.20187201723752,0,0.0,5.0,1,45.16743090404991,264.3561571137992
40.534100145505704,63.93956371499925,11.730818896239448,12.120774643893274,1,46.76801051752314,51.78437981308277,1,19.735867328741218,278.48228419614844
24.50766015468833,43.44339302599603,12.518579220255043,241.20145759954147,1,53.17147197267022,55.07010153813272,1,32.293486782920326,264.9427317286184
20.084782400582775,29.749045086437107,68.55652872289714,975.8737549100538,0,0.0,5.0,0,0.0,10.0
31.704037873750504,75.58176324892071,43.030589489946266,801.5371118829896,0,0.0,5.0,0,0.0,10.0
43.08464322482343,63.40509291499595,20.052472670033673,959.5766443210334,1,40.69785407020165,60.472372610815746,0,0.0,10.0
35.88089390024919,57.34227643834251,49.15945467414369,487.85404392636246,0,0.0,5.0,0,0.0,10.0
32.10183510268095,82.57248081356704,6.420893707513409,109.73619867750351,1,32.67786351164477,54.99785238613718,1,45.52472755736143,260.74074723005003
17.915294813123054,75.20180478571714,58.19714019143988,547.9594889736929,0,0.0,5.0,0,0.0,10.0
33.45021680097509,30.617241581292582,26.899340443509768,454.3773345599609,1,50.955186229206255,50.2712896357448,0,0.0,10.0
44.7016155031279,41.82054474568838,79.75591006371882,844.357082739616,0,0.0,5.0,0,0.0,10.0
19.202520457095723,37.3942397870126,31.036195892357377,98.08258078424458,1,55.70093159819385,41.23503686221419,1,43.016626564957924,289.8989815488915
30.5498895709121,72.07624048008739,45.52201490818012,488.2411370217782,0,0.0,5.0,0,0.0,10.0
41.32119215783867,22.347270431504555,1.1620539908100636,150.04866469398425,1,44.28358314875016,66.51698802716315,1,19.960349444363597,274.72498605155545
37.22305853262613,59.89227794099216,7.244688779455888,324.67592689006,1,45.25230212367955,53.37553778157853,0,0.0,10.0
35.910472229858044,73.37210800184835,39.24935564066848,737.3570773877997,1,43.66788649225302,31.042622422862678,0,0.0,10.0
36.07452251961328,81.37359457332246,47.99388347171235,476.01812936876655,0,0.0,5.0,0,0.0,10.0
25.784734536592655,43.94572241011352,60.00205481193037,375.8882851457693,0,0.0,5.0,0,0.0,10.0
23.8077553279348,77.48801132704091,29.166257870930323,394.47627857003533,1,40.494551101831625,49.36999906034868,0,0.0,10.0
39.28083466435541,27.744221586864505,69.49818861265426,459.44676840598663,0,0.0,5.0,0,0.0,10.0
39.30340184037542,79.25166042141628,86.01223971892045,785.0165438370569,0,0.0,5.0,0,0.0,10.0
41.01216955740311,28.924206363238767,77.98509888933498,892.0846889402344,0,0.0,5.0,0,0.0,10.0
42.397216576694134,47.81011033922571,3.9618825348357145,955.3346865039283,1,46.088970381818896,61.67287932791477,0,0.0,10.0
30.340271965828133,75.81067560456876,48.0506947257829,786.9033862552951,0,0.0,5.0,0,0.0,10.0
30.045488840615988,30.494219914414167,10.493017841817487,315.40689574801274,1,44.026042661934234,49.98379398210803,0,0.0,10.0
38.948855369003255,36.0475976662849,24.204501586252746,688.1347060865421,1,49.74375664706239,45.862567642239725,0,0.0,10.0
34.498917923332954,70.55767978751464,98.66625932671465,437.6031240553919,0,0.0,5.0,0,0.0,10.0
36.059006317731104,70.4025575582252,14.249554290151323,254.67062204605116,1,45.364161255053254,53.40469512050051,1,10.897035566482206,219.99599339757336
38.873780083083034,64.8803343019708,49.888815345135605,840.8715794259226,0,0.0,5.0,0,0.0,10.0
41.70016025452699,68.576391112697,61.81557343181191,38.426348962324994,0,0.0,5.0,1,41.34953004300946,281.92929199909526
25.139854705546075,57.99071103433173,70.2464970544104,901.7619921354235,0,0.0,5.0,0,0.0,10.0
26.26748857919832,37.625934123486694,55.96486834869141,461.4774646247342,0,0.0,5.0,0,0.0,10.0
17.81945819522607,44.19871954527436,0.9770847419183659,637.2014768082804,1,21.82594982009535,60.03323731665689,0,0.0,10.0
32.34840422988522,32.7118401760998,32.64613082439919,659.3539222057827,1,25.60096390213271,39.18301434618476,0,0.0,10.0
16.078268213902263,83.59153929335397,51.771164338471145,895.1177407065363,0,0.0,5.0,0,0.0,10.0
28.967940543973803,60.837425633628435,8.786649914483336,636.6696821672073,1,58.86130763604203,54.66107308887317,0,0.0,10.0
31.2793390412273,48.05959917345479,35.06269312091808,613.9335847600618,1,33.25388028412203,47.07690399916326,0,0.0,10.0
23.596237563848533,52.340406255089285,3.3203108791366565,66.65204056068997,1,39.2816423244833,57.702098958544,1,40.4921049800384,282.07868878567206
32.724997817070324,86.30983377282708,7.857849715502074,518.408021945204,1,27.843908509535716,63.626849793485704,0,0.0,10.0
15.915007498171484,30.734598218125612,39.69232762015961,150.16900081704165,1,44.43120284303073,32.8979577396624,1,43.48478511322609,258.42257315426184
16.12044566247643,61.036088241175804,13.271575404306034,737.4337687214855,1,31.22732862063897,53.30376755861671,0,0.0,10.0
39.67801681978975,55.41220752191262,56.75408482615582,512.2219208126745,0,0.0,5.0,0,0.0,10.0
25.805719242337886,62.801796480425345,68.94649691372658,680.2277792083534,0,0.0,5.0,0,0.0,10.0
18.811815379556542,21.267712867458837,80.05866991090829,41.67290060238427,0,0.0,5.0,1,44.577329874734566,290.69918317937424
30.667297801644132,81.0486736260906,20.01502442448101,84.79201604580322,1,20.306561305969012,47.888678819354226,1,33.47746026235628,278.8819275113658
38.09980659295832,85.24827977385287,16.748258225906977,716.3233880626823,1,28.76275236407431,38.60480160391084,0,0.0,10.0
21.474630824905297,59.55932285124462,10.456784033440025,72.08433599867337,1,21.468854500032847,55.76634871726246,1,49.62716628263063,291.665594717115
33.68671427457001,68.76555767138245,63.64302495436367,71.2567277652586,0,0.0,5.0,1,40.26920668274272,272.57733524748244
17.56042394981304,84.5749566824107,70.64757264869012,12.10847523488745,0,0.0,5.0,1,27.691752218045412,305.3385840914573
16.55045163505823,69.5067044019379,3.1586144825642037,956.5013982994801,1,52.103427183192515,64.59960371782867,0,0.0,10.0
30.94063894704444,30.677733003998295,93.62122462436898,737.5083594590069,0,0.0,5.0,0,0.0,10.0
31.219053648303195,60.340185211676925,5.1971283651472415,353.2514085020642,1,40.50670903825666,60.80251634467863,0,0.0,10.0
34.1228970449462,62.470053246799914,54.12963353010704,296.53558128765525,0,0.0,5.0,1,33.874075075510376,235.6788622736126
36.78274001167985,49.68914699116702,70.90605194509165,349.70322974584957,0,0.0,5.0,0,0.0,10.0
44.275562383876036,71.5510964937306,87.09691237460856,774.6535311811818,0,0.0,5.0,0,0.0,10.0
30.48901044903586,85.40569103383103,71.40869321324278,661.3706110704144,0,0.0,5.0,0,0.0,10.0
24.688694188237378,84.78979590347434,80.17280830697918,185.19556786746793,0,0.0,5.0,1,31.107098648867797,268.18231188584576
38.85558584306111,51.55875599828924,33.94501925428061,174.10933533408434,1,24.553535739064056,44.76587279055138,1,18.46543594279445,254.14143464787944
23.124967537862226,27.92666320885287,81.48251137465122,98.39564971339732,0,0.0,5.0,1,49.825244379955336,277.012977814045
28.169142621169083,88.93888392736342,8.011484638467515,660.3027197013381,1,40.29647754871235,52.61571728495818,0,0.0,10.0
17.35369144026798,78.72286605121539,89.48166560605276,764.3726622217359,0,0.0,5.0,0,0.0,10.0
15.760522302463725,28.72638768422868,54.75923761537362,265.046428325004,0,0.0,5.0,1,42.17656238709893,235.0228278707361
43.87945244033775,84.45893178321606,81.72977699624937,20.94496103091281,0,0.0,5.0,1,38.604006451348,304.74798468770854
40.079403615366175,80.89274534434898,45.23182845183001,82.17166747642734,0,0.0,5.0,1,33.72632876157873,292.4952052058022
35.87922618281094,56.318663998825045,64.35776951965249,967.8600348450304,0,0.0,5.0,0,0.0,10.0
27.268588332428095,61.38928050214505,52.640266093611324,295.44477747742025,0,0.0,5.0,1,28.19057370210644,236.81417857822098
20.19882960212537,47.93018927090912,73.15895217553319,769.2231478381336,0,0.0,5.0,0,0.0,10.0
19.69311128013258,23.833314717542194,8.162998203058958,624.6635688542638,1,36.873127141553255,47.28946725451753,0,0.0,10.0
22.50728694493786,43.46380691521307,6.03520839905638,381.9396396528959,1,36.44084301062183,53.59457253879353,0,0.0,10.0
31.476799941183614,76.19974140186079,24.710323401014644,205.68726219555512,1,56.3044401022622,53.61538531472954,1,47.667679466321225,243.51214508556538
36.437877681001865,20.3242416103222,15.954468011318834,121.38641815940643,1,48.56130577867425,47.11693833864217,1,16.694281289471242,256.9226160290411
34.80592130153194,43.344942018380095,87.17835665922017,615.0129680388666,0,0.0,5.0,0,0.0,10.0
23.398016908378285,47.87180855136603,21.92139873580443,774.6337806377879,1,32.374908714511285,51.349605098357266,0,0.0,10.0
43.64595841989582,57.6176922056546,97.58652558191314,643.9042535411306,0,0.0,5.0,0,0.0,10.0
37.13690750087305,84.38989314889324,33.68957917711069,530.3021332491583,1,58.202420459399555,41.89751598122218,0,0.0,10.0
31.63062157534202,44.24421960561729,18.211791568869927,41.951223431636265,1,52.84793130200906,47.90655324210683,1,21.01152853807441,293.4615106819719
33.35162238703057,44.28672413273594,78.96985071424791,968.4887775943838,0,0.0,5.0,0,0.0,10.0
27.588001872833697,71.62508736768238,65.87077755008761,798.7141916545746,0,0.0,5.0,0,0.0,10.0
22.431929685034724,51.6552558622865,49.8195716453139,292.82203670096476,0,0.0,5.0,1,33.97208464557751,254.22425079294098
25.679180359537845,35.722337605798735,55.53635509376312,979.9703293588507,0,0.0,5.0,0,0.0,10.0
37.735383313931074,51.67076612928854,71.92017782722638,601.8815896363221,0,0.0,5.0,0,0.0,10.0
15.431804658892677,29.859991426585992,22.845474133129873,582.4226582072465,1,44.15181811797551,44.42504090065224,0,0.0,10.0
18.482179215207488,32.34708905543563,99.63339160567419,748.0731794295322,0,0.0,5.0,0,0.0,10.0
16.380079260652582,54.885744091763584,97.4793162146783,811.7697880901376,0,0.0,5.0,0,0.0,10.0
16.221864069569104,49.32478146531835,65.03256863469369,656.4786073315026,0,0.0,5.0,0,0.0,10.0
40.66381752033021,84.039213074767,19.954245092914512,128.09574636620002,1,38.24946035822168,53.27512791622344,1,10.765794719873467,286.2157873956593
36.109735781400715,45.367572938164315,68.02282424312914,338.2675059944984,0,0.0,5.0,0,0.0,10.0
29.225214872619755,60.64118451946304,7.219840897917584,928.0836403260497,1,24.841000019407723,61.6498176396558,0,0.0,10.0
17.935024819530042,64.25850015436713,3.0652502205806065,224.61561184385192,1,36.75791160749902,53.47707175313763,1,37.98558278488487,270.3092638483522
29.74847625350497,20.916611961183353,25.76828885112137,372.16702383751334,1,50.04712191233672,45.195999214677556,0,0.0,10.0
29.204153123416972,66.44761604116974,46.26229567393163,432.076882944196,0,0.0,5.0,0,0.0,10.0
20.196056097300456,32.4625176808826,86.82725054083805,439.4049896944522,0,0.0,5.0,0,0.0,10.0
28.01554947713919,87.27492222286186,72.7169069766308,612.9395824945256,0,0.0,5.0,0,0.0,10.0
26.955142031921206,30.406390942717906,74.2706521199981,943.0758377447077,0,0.0,5.0,0,0.0,10.0
33.47550294156649,49.023688660891665,42.54933344480754,240.69271183250495,0,0.0,5.0,1,26.075487995629203,259.07625087107243
34.052809526029314,25.97447676550507,34.59349925469629,121.50137630091807,1,47.14679826690259,45.3757786150546,1,16.14764171376818,265.1983173437949
16.359120293161336,89.78119762921631,37.10387629846027,197.47048985993732,1,34.4767996335146,45.886338980139044,1,32.9042893152809,268.0808535213874
26.238378438794136,55.15365072318698,98.76495637360578,886.9249002092695,0,0.0,5.0,0,0.0,10.0
33.77579747142709,61.67695121240307,4.010919141248248,645.8108126552061,1,20.405247361109737,66.97059720893749,0,0.0,10.0
30.094087757402633,24.695353417189924,86.70314961224486,285.9067892391601,0,0.0,5.0,1,33.327632171083906,245.65615238878297
40.69469523564967,72.49723292794245,57.86754085723934,815.9469389686172,0,0.0,5.0,0,0.0,10.0
34.760808948568354,34.693391516691,43.86154191895905,861.369996363436,0,0.0,5.0,0,0.0,10.0
19.88803281244289,82.86380026084996,72.52576604151365,846.514338690278,0,0.0,5.0,0,0.0,10.0
17.117062422012896,34.3597748337405,48.666894142470284,918.9265336395545,0,0.0,5.0,0,0.0,10.0
34.27257834618947,33.34814044645666,87.34232380816606,252.2410201733616,0,0.0,5.0,1,26.9334057661279,249.16160077155223
15.795339316248654,22.55847674936664,90.07018640112585,755.0419287462782,0,0.0,5.0,0,0.0,10.0
32.5732674382039,53.04468615769995,42.17209268734554,460.53949727414,0,0.0,5.0,0,0.0,10.0
43.20690724274873,59.538879328383146,27.682779723505156,841.9985528900615,1,41.35869890191055,48.356116291348556,0,0.0,10.0
32.26422533627637,24.599604759984665,59.23503285933622,728.4906771616132,0,0.0,5.0,0,0.0,10.0
26.645097786195656,74.28693316865073,91.2363345616691,776.4474464997246,0,0.0,5.0,0,0.0,10.0
34.29864655327059,51.73021843236194,21.066218900566657,656.1618376810715,1,36.88137040510556,57.83935271645436,0,0.0,10.0
28.7475867147455,56.707318852930605,62.296658356348274,177.42876946970688,0,0.0,5.0,1,44.519873254354884,274.58868583801063
31.36850367947805,50.853392285675966,63.156022009252055,545.0269188969384,0,0.0,5.0,0,0.0,10.0
43.24394426329576,48.05341426127282,73.3113022415281,984.6697395245083,0,0.0,5.0,0,0.0,10.0
26.58307913402323,59.17482319157525,13.15676851272598,937.3880664971189,1,21.749562892357893,51.486117231265006,0,0.0,10.0
43.83571691471742,30.866817215149876,71.58249646820886,43.17373579701167,0,0.0,5.0,1,21.46078195708492,291.4902460596702
42.160519258681916,32.73496913466898,90.9032520665641,164.81481572943713,0,0.0,5.0,1,42.10561249411719,295.7210674107802
20.873734043678894,80.32499347094621,17.968310887024195,131.72877345456192,1,33.72669412690633,49.54600981816699,1,49.889515996144105,256.96825272030566
17.080839026254964,86.2280823493543,23.754332492387764,725.9799099852955,1,49.16693950197792,47.76483749451579,0,0.0,10.0
18.0233400413228,46.131652139582705,97.13950940416396,817.785329856945,0,0.0,5.0,0,0.0,10.0
15.546654769546493,38.952127120048765,18.097695270948975,213.51136631067192,1,53.82417451959627,49.16600636049247,1,34.90522134394632,265.01692828623237
17.83328882267785,65.07996802673111,85.4385093369579,505.852692951829,0,0.0,5.0,0,0.0,10.0
35.490203202490704,48.61139197686675,49.227785644803475,840.7030280112,0,0.0,5.0,0,0.0,10.0
17.13565945380687,21.77704489622414,24.723107440317705,732.8015447662506,1,46.9186648957773,50.14177488674719,0,0.0,10.0
24.569268908812838,30.930681815633324,87.07499012725114,542.2372054918483,0,0.0,5.0,0,0.0,10.0
40.34625932908364,70.11805601931783,44.53052550026655,590.347690458773,0,0.0,5.0,0,0.0,10.0
15.698158072074776,66.12467593371059,51.48173539296902,508.36054691628,0,0.0,5.0,0,0.0,10.0
39.43405447766807,21.896719475243845,35.92333693997657,297.5484513188206,1,37.856780656063286,45.53247363102439,1,49.01372533916282,246.8769114226669
23.455643243201997,35.53805133530646,59.29508514349274,565.0219928590161,0,0.0,5.0,0,0.0,10.0
18.544944828649687,36.175235761165,16.352387258502276,688.8853020500907,1,52.89689494673114,54.283900610712855,0,0.0,10.0
35.90211496092452,67.03249205191099,39.10815366517607,873.3229158608077,1,54.30249350645135,37.81574895407406,0,0.0,10.0
33.86828540339652,21.37973764280549,96.94123223352875,636.2913539792481,0,0.0,5.0,0,0.0,10.0
41.32416040581159,27.28760073892017,25.813343270112753,761.121537043158,1,37.23940882053185,52.5790919237121,0,0.0,10.0
37.05213131411657,75.99412597612326,65.67366645412922,160.071634954573,0,0.0,5.0,1,12.841395561760084,279.85301921085875
39.10442791154546,32.49812634380335,32.51900642246949,461.5574744197899,1,43.28794986376455,39.42661796854965,0,0.0,10.0
23.461037177139197,65.69222754963123,77.34731256866006,9.331619827093295,0,0.0,5.0,1,19.174631081506895,295.7525716714608
20.323186313391684,36.67279467327086,13.087366071834982,246.678864521623,1,44.042966672009314,51.496253764486866,1,28.764288441903147,251.12425456820813
37.51844254922575,26.96089749315416,96.98210450785447,726.4617151130049,0,0.0,5.0,0,0.0,10.0
39.20504217801792,37.02205336996178,45.37895413836392,991.8099513493635,0,0.0,5.0,0,0.0,10.0
44.7151542600202,70.55868522989614,23.605046334646396,99.17809958721591,1,34.98211548080485,51.615323448679185,1,16.699643563764308,286.8185483194746
27.378530307342793,79.89875276744,7.349674733001265,401.49431586128827,1,26.67440806795011,49.495384077496695,0,0.0,10.0
26.160542573783495,78.11539051968941,16.975790508754073,800.0709686991595,1,37.2211735384883,57.57182467255497,0,0.0,10.0
38.29238882225991,47.80284707329184,51.977394855601766,204.03563462889883,0,0.0,5.0,1,40.37170027673895,255.41279408403807
25.224106207590538,66.76595955994523,33.70031764312863,555.0849493022862,1,55.60388140735233,41.30345548220467,0,0.0,10.0
42.922719768106944,34.348900679107466,82.88833658826094,733.0712960296748,0,0.0,5.0,0,0.0,10.0
40.75238255529035,40.52034111827093,43.08875236618059,615.985450260179,0,0.0,5.0,0,0.0,10.0
27.86982082125055,82.74350729647838,24.871427258762992,188.02473461541612,1,21.017910396230036,49.60755042802186,1,41.93172788836747,253.66544217237978
37.52613203374492,20.910134645751523,61.714498660403,355.3845686857394,0,0.0,5.0,0,0.0,10.0
37.63628622254047,25.985597159812766,70.67772168854458,783.7917844853972,0,0.0,5.0,0,0.0,10.0
18.093716065077977,34.552037860221915,16.704190790094987,554.2265141320166,1,33.62416666325167,44.036108673863055,0,0.0,10.0
42.076587200386996,21.85725427116738,16.761921628831765,5.229613542912737,1,22.86847555390604,57.18248106053374,1,15.187159128969414,312.5085053024724
30.157571173435713,32.70048045628581,3.667142693354297,760.9907600280939,1,36.38515579580928,55.02011168485891,0,0.0,10.0
39.79372398323225,60.81290926787845,73.64020150656405,35.31135494023907,0,0.0,5.0,1,24.21278993895551,294.2806939844301
24.601488030918354,49.499718541474856,66.38045276218051,745.7337827312322,0,0.0,5.0,0,0.0,10.0
41.86569685488601,82.48701977538823,47.46308757498139,202.48056016523742,0,0.0,5.0,1,12.502593688778063,265.0444656781116
26.676050362024895,77.22104932169086,84.41704489691972,958.0734801193802,0,0.0,5.0,0,0.0,10.0
15.32512954440895,43.927214618851316,80.56701529500532,367.9407513020845,0,0.0,5.0,0,0.0,10.0
42.16145929257791,38.15964034019048,58.535436439675216,326.9316163380791,0,0.0,5.0,0,0.0,10.0
17.738600303584008,46.57846857170868,86.82712805132586,148.88805033244466,0,0.0,5.0,1,23.70580586090086,278.98694638854045
24.579409127712445,61.320645976036545,20.584121003676824,305.60421549021487,1,47.530969431209485,50.508030627425526,0,0.0,10.0
43.50185901152415,38.764454857601336,11.191961939772789,876.6507618282005,1,25.622118703134433,56.912932710951324,0,0.0,10.0
43.51821440812668,63.69042354943938,26.974961151698963,996.3343376272474,1,39.423587986375914,52.09951350366282,0,0.0,10.0
32.203136643698585,48.65881565338683,5.708685608931486,368.3095305068483,1,21.10146879477862,64.38815334499888,0,0.0,10.0
33.95511636509398,58.643302659638614,53.1169528001032,448.61063095454256,0,0.0,5.0,0,0.0,10.0
28.453365659349593,50.52885703947217,93.66056922949615,722.070938202737,0,0.0,5.0,0,0.0,10.0
23.796323150941937,40.61260316793424,3.9343540668509647,886.1957804650746,1,35.36826851943201,55.96549716095814,0,0.0,10.0
24.85993636109748,86.39173148735097,12.21099140100268,593.0443341867841,1,21.559840502996465,55.195906832413094,0,0.0,10.0
35.175553682311154,73.45240559118326,45.21990282834353,391.5256981778293,0,0.0,5.0,0,0.0,10.0
37.5712358831304,29.80792230365168,93.38750175279048,412.6218408486237,0,0.0,5.0,0,0.0,10.0
38.74737131177545,80.79275831285389,31.61561049767505,695.6181464968068,1,26.400997458527762,45.9111341589119,0,0.0,10.0
38.68854428383662,54.120183877465955,50.723480868839246,3.2182636042786816,0,0.0,5.0,1,34.9599394211593,288.60322334865185
17.73618309146071,82.61865588258641,4.15728590503921,619.5893374598406,1,50.24854455800707,58.085342024538335,0,0.0,10.0
29.832609141077445,75.98986791631206,14.834320096208886,355.4930104413574,1,38.34092035527563,48.79036327839521,0,0.0,10.0
16.72676280049933,49.764945312846336,98.66301229588468,794.1973312770842,0,0.0,5.0,0,0.0,10.0
31.485866469712064,21.57285158240822,96.51186964360456,92.99063982313216,0,0.0,5.0,1,28.383362288544923,292.7750174590209
28.24591504120131,38.80741515694623,0.49399809344096157,588.2022669483905,1,24.645558408021024,64.20399300890345,0,0.0,10.0
41.63112548274899,57.914395026260685,95.18117854232389,480.97288988612377,0,0.0,5.0,0,0.0,10.0
25.52745037656236,64.34347538783031,63.91199378155004,642.3255259052274,0,0.0,5.0,0,0.0,10.0
18.512010492828175,38.05213798032416,86.79182945200222,64.85359448296835,0,0.0,5.0,1,26.7442909967332,276.7717542670036
19.289750461585076,29.75492518509769,45.47398556338591,579.9837874281313,0,0.0,5.0,0,0.0,10.0
37.84531895152416,78.44511657595095,51.55960285792502,561.4845879595238,0,0.0,5.0,0,0.0,10.0
33.546541899487835,88.90815264924865,48.88465802569202,560.660094416171,0,0.0,5.0,0,0.0,10.0
18.033680283683708,56.79831276118801,66.68642575461044,603.4876665964548,0,0.0,5.0,0,0.0,10.0
17.523204183449923,32.017550009381246,13.96512547563129,676.4679372263622,1,58.44541941630372,48.40813819655779,0,0.0,10.0
36.0290739437736,39.061512856355826,2.9973589872677953,804.9889996807698,1,35.579275796096816,53.481533645958606,0,0.0,10.0
17.182890190925807,21.28734735832267,30.79299415911909,269.82072012821436,1,35.420476189476894,45.639839567435175,1,22.55501986889882,234.2171147201491
39.65580177871068,84.00091645923493,70.46807627366466,825.0494101800621,0,0.0,5.0,0,0.0,10.0
36.18726681469489,28.24257580230988,20.185345212294838,498.25568226345365,1,41.6563042939034,46.29863962716632,0,0.0,10.0
17.440463419256993,60.35615328599775,67.34324333249174,77.05827913433116,0,0.0,5.0,1,49.57804523860226,274.4407492412752
17.54513142255576,39.18386544810442,96.99120461072704,58.5509292439792,0,0.0,5.0,1,45.580772441750526,284.6751864842643
44.59918735503526,58.792460176105536,9.39007157894184,334.2383186960608,1,41.66819249640016,53.946688658898815,0,0.0,10.0
26.22812387268361,65.59942718463049,67.26021182251263,784.8969771114675,0,0.0,5.0,0,0.0,10.0
26.11926441200673,78.08192625950412,44.375021930457116,707.6809347409157,0,0.0,5.0,0,0.0,10.0
39.383987017725076,34.44948902324222,86.81422543775054,788.6149646724065,0,0.0,5.0,0,0.0,10.0
43.41745732151576,20.769708006093634,17.71497894473859,517.2690564416093,1,32.09332997405975,55.291172617026575,0,0.0,10.0
44.58003191468613,29.58199410481651,69.26259522261645,440.19899795549054,0,0.0,5.0,0,0.0,10.0
37.60134555776825,83.00130492936736,83.81152896481102,147.45252670628395,0,0.0,5.0,1,43.529216843272025,261.4688117613832
26.287787565927474,81.17230542937607,94.46142194740233,328.1927536093115,0,0.0,5.0,0,0.0,10.0
17.505021500960062,61.81891715192158,68.32480282896458,434.01936617387526,0,0.0,5.0,0,0.0,10.0
38.3144074778231,62.03618023035574,49.71747640084273,88.60042967961724,0,0.0,5.0,1,26.272192038068944,293.3186874972391
31.752127492074152,66.55256721823788,61.78472402012139,220.61195271121125,0,0.0,5.0,1,23.129324227133576,260.6292869227116
27.726660277409287,32.27598950364147,86.89049844787182,598.2252940637388,0,0.0,5.0,0,0.0,10.0
42.19063155284208,84.00883621474719,57.060974663882966,735.6631142391899,0,0.0,5.0,0,0.0,10.0
18.33592446918454,49.31393674244512,3.038705969683686,998.3475113929496,1,43.21870403974784,61.23802839135577,0,0.0,10.0
29.778753128725775,46.81969697746482,93.09486955069778,933.1133313435577,0,0.0,5.0,0,0.0,10.0
15.340609343022573,56.324239369798626,68.95267510315611,642.5651995351915,0,0.0,5.0,0,0.0,10.0
29.05981925982379,23.287617674253852,67.65133857772466,421.248053294072,0,0.0,5.0,0,0.0,10.0
16.68909827045512,31.639835812925558,21.567515239771716,636.1773647082327,1,39.55591327169806,54.452830913221376,0,0.0,10.0
18.564537488042156,71.66235314984593,65.88854702326572,785.651618080232,0,0.0,5.0,0,0.0,10.0
18.525787403313146,25.795906754758853,39.386440565415846,118.33619092338732,1,59.75393555598793,39.15982599695194,1,29.58497848200979,290.3287082667805
34.47630906348191,62.220647662647174,65.12329770414921,409.90488969628825,0,0.0,5.0,0,0.0,10.0
37.3813463779627,37.17443767769247,10.659303030799073,839.8022856356172,1,44.936238326377605,47.01481097182186,0,0.0,10.0
32.50106295291479,47.25069298293836,65.7845304603036,383.832951933044,0,0.0,5.0,0,0.0,10.0
43.86517645423626,40.20856157394899,99.94137257706666,571.8722712271865,0,0.0,5.0,0,0.0,10.0
26.246117385711123,44.89709015254644,4.821203886055603,587.7693608621983,1,28.05248431289733,57.27844297197564,0,0.0,10.0
23.57136258845582,70.33321336289718,97.71741842213173,184.47625313363935,0,0.0,5.0,1,15.648941734925979,270.16553851142345
41.057973845683804,40.79852009362225,40.690796072287064,362.2354416522884,0,0.0,5.0,0,0.0,10.0
21.70787515558358,59.648324820782804,87.07534503372591,334.51128874193216,0,0.0,5.0,0,0.0,10.0
43.89667618321834,53.32352815393698,78.23854840582734,26.196708532064793,0,0.0,5.0,1,21.145722524601457,307.0606640207785
15.36463424069449,66.45698157538537,56.70162609866678,24.191763891355244,0,0.0,5.0,1,18.748392012943327,285.51459296422183
44.09636480122917,85.57808175273306,73.84492092513266,831.6970436757734,0,0.0,5.0,0,0.0,10.0
16.294797358517283,71.28004680471753,87.8515561301348,273.0708099728124,0,0.0,5.0,1,43.02843806242668,242.54199150937242
41.73429341094213,35.04582650135298,40.4140321651033,518.0787662388154,0,0.0,5.0,0,0.0,10.0
30.831033272588996,22.182819454289927,32.70331615632387,298.72557358877305,1,41.3354651506145,42.99097894347973,1,47.084951274577975,247.0441981828382
44.78894388357901,38.358483100987755,66.75933855635847,940.6792451153406,0,0.0,5.0,0,0.0,10.0
17.213896942061965,61.65545514901784,80.78459419412586,259.29675886577377,0,0.0,5.0,1,32.8504187974839,242.94668450858399
31.615628532039622,23.599806943897526,76.22851347766158,429.65681273893506,0,0.0,5.0,0,0.0,10.0
44.079076068572974,54.74563730408654,79.78136488586345,872.7302504846018,0,0.0,5.0,0,0.0,10.0
30.692935325104465,61.778999424182246,43.5583314812933,841.9335667918086,0,0.0,5.0,0,0.0,10.0
33.88195914405787,43.397072357187255,81.78342161750216,186.10141784627731,0,0.0,5.0,1,24.69562914788282,256.8416023500575
35.87246066953851,73.96385426220753,12.020905537060845,802.6433097957104,1,55.083623240727555,57.43808625769555,0,0.0,10.0
28.636231943033195,27.461877719364026,54.448909796084955,458.1868867378927,0,0.0,5.0,0,0.0,10.0
33.8267424025219,25.259644721506614,0.575866049812157,482.9688720853552,1,25.951838776204625,61.02950305174922,0,0.0,10.0
32.529429357693004,70.97321293425223,32.45858299002703,133.4799724159438,1,38.50702420261574,45.24182915005395,1,41.837055485740095,277.8856866646982
42.034740314729675,54.68439213443389,36.646153487139784,80.60151375712465,1,59.23949512650741,40.5048842548485,1,17.00492560521413,274.082485001407
16.363391410243736,68.18816774994153,39.61726916092554,727.9393069737652,1,39.33629743892587,36.27253709160525,0,0.0,10.0
23.42889568776691,50.437913702262236,69.54672066898621,496.46115235529976,0,0.0,5.0,0,0.0,10.0
43.51234452229676,37.24814232673748,38.85581012703457,436.85070261517956,1,43.54926088525279,35.9911353590765,0,0.0,10.0
41.70791351672749,77.33716223719398,44.86936226225306,729.5082286523967,0,0.0,5.0,0,0.0,10.0
28.669702583571386,75.95911152782855,23.754413087432745,765.5128989911098,1,31.431342221034807,47.786902006036854,0,0.0,10.0
33.6039779340461,68.62875295980987,37.325179162934006,158.90816766935356,1,28.128923643443493,37.758610472979235,1,20.52989386072045,287.75095784139495
23.32143548943398,39.05015960609739,22.726962726315147,610.2251494776413,1,50.47192765510789,52.04677896540552,0,0.0,10.0
20.64363479171284,61.3161466808361,7.319592376844364,135.35408227768554,1,35.46162027292112,63.77643458825745,1,44.82676136502071,274.7066846071432
28.910952148199463,45.26817278580188,60.34485933813779,751.3750860290456,0,0.0,5.0,0,0.0,10.0
25.600566840781585,26.410745132864392,66.82127985550163,656.9551562671395,0,0.0,5.0,0,0.0,10.0
32.509683355526164,84.211950282357,61.94903460096145,956.6146210834579,0,0.0,5.0,0,0.0,10.0
17.332039108949544,29.5773041643273,46.34940438005724,68.95801635642118,0,0.0,5.0,1,16.081942696979674,274.2554590927233
44.23184422998499,86.51661476745618,37.978578017922985,57.05472115125432,1,59.22957374333718,41.390487330618946,1,28.33294378350302,303.09833125254124
44.586322334388086,51.2204041070569,86.33336495718252,282.18707469320015,0,0.0,5.0,1,24.048775493951236,261.6345514977388
